team,Avg_Performance,Avg_Fantasy,Avg_Goals,Avg_Disposals,Players
 FREMANTLE DOCKERS ,36.32702931733361,83.96971624669987,0.42394669952387776,16.039364693491184,35
 Western Bulldogs ,32.28747771722602,73.29807554681119,0.6328700779848867,18.259482688314417,139
 collingwood magpies ,31.812679844185034,70.7918441132109,1.293917650016266,17.134816596321787,17
 richmond tigers ,31.525929684022245,68.04569020034782,0.4154868083615124,17.64182651056627,34
GOLD COAST SUNS,31.518942080722447,68.04870328285256,0.4857197399450731,16.447109734678143,35
 essendon bombers ,30.88938034948563,71.37226967551166,0.506983424329681,18.046469751282586,22
 St Kilda Saints ,30.02231264958142,71.52790378504946,1.132522449137469,14.543842590687923,119
 Melbourne Demons ,29.765404950703495,67.2024148958309,0.7489984940184328,15.30488536429504,92
 north melbourne kangaroos ,28.95983105742297,65.63730936819172,0.2599342514783691,16.33271669779023,12
ADELAIDE CROWS,28.739614383794237,67.1684349033186,0.7614422526770744,15.50756605867546,159
 fremantle dockers ,28.522477808652066,66.59936245257413,0.7693482272875866,11.458343551566664,25
 Greater Western Sydney Giants ,28.43673059069843,66.94351678232329,1.018872979703475,15.016903782406105,50
greater western sydney giants,28.36358338001042,63.05725099916097,0.49664807228873264,15.12183836665331,103
GEELONG CATS,28.239199951639993,65.86987562414234,0.6194916341877346,15.612747511299041,220
HAWTHORN HAWKS,28.213476048600523,64.58634286370663,0.6780767686733631,15.900161357184269,125
 Hawthorn Hawks ,28.012859545288656,66.15868170131704,0.5257161114347529,16.305775964513884,99
 Carlton Blues ,27.959022592356472,63.87101741582004,0.6490962789647,15.879864734437103,60
GREATER WESTERN SYDNEY GIANTS,27.742852360270998,65.2799858319806,0.45856520853316096,16.01904710106106,129
CARLTON BLUES,27.701193416066257,65.18735888964335,0.9126322233874545,14.686340659851753,143
 Collingwood Magpies ,27.587257848665782,65.5695465288066,0.6613222838393117,15.155999757122823,50
 GOLD COAST SUNS ,27.461979166666666,65.78125,0.2916666666666667,16.791666666666668,4
brisbane bears,27.075209453558138,65.33133610541505,0.6696409584567479,19.312919419761524,10
western bulldogs,26.40124777233371,61.86438550160206,0.8975970554480216,15.68125420488317,145
Geelong Cats,26.319462908191927,62.44520171650555,0.74599786750381,14.595100962940778,1258
Hawthorn Hawks,26.290724276004404,61.96900345012338,0.6834580473291941,14.344814529480535,1110
 Fremantle Dockers ,26.281859342516295,61.118326383675786,0.6556390512283922,14.661776730935289,70
brisbane lions,26.22081160951301,61.92211532757061,0.4643766095092239,15.016084752288506,65
West Coast Eagles,26.194813129405816,61.131384630213866,0.6828245013183962,14.822599870156731,1152
WESTERN BULLDOGS,26.049583071899832,59.79447201301834,0.43554396100618803,15.168432618513718,121
Sydney Swans,25.99785304558228,60.7725242158599,0.747233765079698,14.255279086951592,1170
 North Melbourne Kangaroos ,25.962023188707025,61.12067697495301,0.625160866724825,15.064683085920032,72
St Kilda Saints,25.95991060109525,60.582391619401825,0.6308541796837993,14.589213629339929,1025
hawthorn hawks,25.94725312269083,62.34534194910456,0.5879840707611821,15.409779307023719,97
Port Adelaide Power,25.88030974863267,60.02563900845092,0.6711642058474182,14.36222537145025,997
Essendon Bombers,25.872047183058786,61.222764863348615,0.7517087292325869,14.384179751750692,1150
Collingwood Magpies,25.861497796117067,61.167185863085535,0.6292477506448968,14.155293590455782,1197
Adelaide Crows,25.707584260118953,60.058183137892726,0.717387208560817,14.270665809922251,1174
 Essendon Bombers ,25.581600722055036,60.88637873259228,0.6527554726827146,14.94903247849129,101
WEST COAST EAGLES,25.51270680688269,61.196119756421346,0.8548063144826208,13.901306362992186,152
Greater Western Sydney Giants,25.43048334115838,60.83084296182389,0.5671038937126385,13.887420788487576,467
Fremantle Dockers,25.360919158087885,59.411441517301675,0.6170288158574245,13.984392237427393,971
Gold Coast Suns,25.30247753152228,58.92124150691126,0.48576000988945456,13.689904665134145,502
 Brisbane Lions ,25.252568605456176,58.91704271312701,0.7729811534589186,12.764657104142223,44
port adelaide power,25.250061788407294,57.79966914735757,0.9363528843739968,14.505868339888295,119
fitzroy lions,25.22516472599624,61.029094562284826,0.6580845749928215,17.264640529983197,11
Brisbane Lions,25.180903268055328,58.73544753889464,0.6697937570605196,13.566676588549804,1083
 geelong cats ,25.179981604145627,58.76875114430309,0.8802361601021704,14.743170286913626,61
Melbourne Demons,25.001237713049985,58.66772729216994,0.6888285573989719,14.0239909081034,1055
 Gold Coast Suns ,24.943762727444952,59.23209536485112,0.4086723092669384,14.654641784520301,30
Richmond Tigers,24.766849437828398,58.063879545594446,0.6788109505840331,13.780037810518094,942
 WESTERN BULLDOGS ,24.715892681996674,55.298166432732295,0.5281398303122903,13.303496146174867,22
NORTH MELBOURNE KANGAROOS,24.710453179419137,57.819044435028246,0.9364093574678781,13.514862102955219,222
 brisbane lions ,24.69080021072988,61.266886622896855,2.0357740724748394,10.434782793222691,15
Carlton Blues,24.673194191483905,57.66604746191769,0.6088110754526826,13.606402752873269,1091
Western Bulldogs,24.565513132788396,57.96742503865423,0.7189644851706043,13.792791000201497,1073
RICHMOND TIGERS,24.46202377261751,57.60375969135514,0.3148864828478298,14.017817324892318,179
 Sydney Swans ,24.434435238726554,57.18635578916344,0.4997676220107392,12.874502033329323,51
ESSENDON BOMBERS,24.37267115134336,56.45924238808853,0.6778312265228165,13.848578097413117,210
collingwood magpies,24.33252085118451,56.99165349176916,0.7965926538888676,13.93361716724263,168
COLLINGWOOD MAGPIES,24.294997913428112,56.616520126884225,0.612972319344189,13.529734832951517,142
 Port Adelaide Power ,24.25154517641923,57.709869583088285,0.4679799932000028,14.199974318526367,82
North Melbourne Kangaroos,24.178961890119044,55.953867481829484,0.6673279064058619,13.732719107579408,1024
st kilda saints,24.108230721006695,57.37458202381619,0.6568264563719108,12.94946664832935,110
fremantle dockers,24.081813859198654,57.06061990293691,0.7193549237725776,13.389159865781275,132
 melbourne demons ,24.009170280477097,57.55571814549087,0.696695917718645,14.618594789049332,22
PORT ADELAIDE POWER,23.97648985949614,56.9100835152458,0.6158174566640282,12.673443411009075,122
gold coast suns,23.886376794038988,56.950663630530116,0.3977192136669414,13.780518901217707,56
BRISBANE LIONS,23.78009894994215,56.701826777160406,0.6287363760975196,12.65174371991032,203
ST KILDA SAINTS,23.683582707043932,56.63080793086252,0.6017592249690518,12.52965508567314,140
MELBOURNE DEMONS,23.68145331194441,54.973192286348024,0.5621143649535669,13.328691559679747,109
 adelaide crows ,23.639284435045944,57.94720038733196,2.0036063643958384,10.481596177944862,20
carlton blues,23.620138486625198,55.3515085321498,0.6865582498248354,13.882441460856246,139
geelong cats,23.609586248016836,55.63297685404786,0.5535644151526377,13.020135150796705,89
richmond tigers,23.52688152321214,55.089350099640825,0.4579699855926468,13.951039590091055,180
 BRISBANE LIONS ,23.513852819642203,55.558713676439886,0.3917857832507424,13.305166397148525,22
north melbourne kangaroos,23.3912968495421,56.22965749689114,0.9845321885295739,13.276086017347442,157
 ESSENDON BOMBERS ,23.2358299512987,53.068243145743146,0.9273683261183262,13.108516414141414,20
melbourne demons,23.028673911401768,54.827042909399175,0.5920969955576626,12.950501138433179,117
FREMANTLE DOCKERS,22.912902817831295,53.616341678652795,0.6056808669835322,12.95715264532929,105
 RICHMOND TIGERS ,22.903511904761903,54.73452380952381,0.3613095238095238,14.592857142857145,5
 ST KILDA SAINTS ,22.874441697191696,55.08440285904571,0.597157704573671,11.9765363184901,35
Brisbane Bears,22.72471407684826,54.32308017297731,0.994379923519772,14.616728603331381,114
SYDNEY SWANS,22.68703209154124,54.12775550402978,0.7182011165772281,12.197362707299957,192
west coast eagles,22.662601679964514,54.34171165650857,0.9507036817672072,12.584431559154948,258
 hawthorn hawks ,22.522145635614386,54.737996170496174,0.7841733266733266,12.051855019980021,20
sydney swans,22.264940615901413,52.88959373180426,0.8305236919656424,11.63796662513613,150
 NORTH MELBOURNE KANGAROOS ,22.125,56.5,0.5,10.0,1
 COLLINGWOOD MAGPIES ,21.9797619047619,52.79365079365079,0.5158730158730158,10.055555555555555,2
 ADELAIDE CROWS ,21.760341117216115,45.62930402930403,0.08113553113553114,8.781822344322345,4
 SYDNEY SWANS ,21.604891037611626,53.01693765112883,0.5510943123688221,11.538736912143776,18
FITZROY LIONS,21.57666666666666,52.06666666666667,0.8666666666666667,13.333333333333334,1
essendon bombers,21.395310113582877,51.75944846911401,0.7171462789086394,12.23144318966277,99
Fitzroy Lions,21.258711868696942,51.356288420471856,0.7226027957779565,13.075808321249944,52
adelaide crows,21.22352381400975,51.883582238087854,0.8605154205650992,11.21452610566211,80
 Geelong Cats ,21.08076771583479,51.1515527592481,0.6267709059112486,11.65527525317245,61
 west coast eagles ,20.960793979713095,50.08056340718106,0.7253735888294712,12.007723240811476,20
 sydney swans ,20.596421483430237,50.42755572067766,0.4878425344359263,11.675912294151368,39
 port adelaide power ,20.475158995520484,48.79730466635517,0.5359144074271522,12.313014978239712,33
 greater western sydney giants ,20.02072192513369,46.62366310160428,0.4699197860962567,10.947192513368984,4
 Richmond Tigers ,19.832755276401443,47.0981504583308,0.5099594775709327,10.352913401012472,50
 Adelaide Crows ,19.74519045276133,47.118490971663505,0.6892608420766652,11.489532366050065,46
 GREATER WESTERN SYDNEY GIANTS ,19.39621212121212,48.515151515151516,0.3787878787878788,11.5,2
 Fitzroy Lions ,19.335771811249753,46.851903842345024,0.24279312735195088,11.306796253855076,9
 HAWTHORN HAWKS ,19.240646853146853,47.11305361305361,0.10984848484848483,12.141608391608392,4
 brisbane bears ,18.932264957264955,45.82905982905983,0.7905982905982906,11.645299145299145,2
 western bulldogs ,18.905161394667328,46.51961797614533,0.6499639621930643,10.049837220838253,18
 CARLTON BLUES ,18.819245882793677,44.99992323852618,0.20715901745313509,9.71744162700045,10
 carlton blues ,18.159257335862822,44.51674947981892,0.3675453514739229,9.147012111187255,14
 West Coast Eagles ,17.536531142355447,41.57326235867257,1.0453536749976378,9.269506456851659,74
 WEST COAST EAGLES ,17.267767857142857,42.25714285714285,0.06964285714285715,8.933928571428572,5
BRISBANE BEARS,15.967692307692307,38.09230769230769,0.13846153846153847,10.538461538461538,2
 st kilda saints ,15.535520833333333,38.859375,0.415625,7.234375,8
 gold coast suns ,15.28076923076923,36.61538461538461,0.3076923076923077,9.307692307692307,2
 PORT ADELAIDE POWER ,11.948958333333334,29.625,0.14583333333333331,7.104166666666666,2
